CREATE TABLE IF NOT EXISTS "auth_group" ("id" integer NOT NULL PRIMARY KEY AUTOINCREMENT, "name" varchar(150) NOT NULL UNIQUE);
CREATE UNIQUE INDEX "auth_group_permissions_group_id_permission_id_0cd325b0_uniq" ON "auth_group_permissions" ("group_id", "permission_id");
CREATE INDEX IF NOT EXISTS "auth_group_permissions_group_id_b120cbf9" ON "auth_group_permissions" ("group_id");
CREATE INDEX IF NOT EXISTS "auth_group_permissions_permission_id_84c5c92e" ON "auth_group_permissions" ("permission_id");
CREATE UNIQUE INDEX "auth_user_groups_user_id_group_id_94350c0c_uniq" ON "auth_user_groups" ("user_id", "group_id");
CREATE INDEX IF NOT EXISTS "auth_user_groups_user_id_6a12ed8b" ON "auth_user_groups" ("user_id");
CREATE INDEX IF NOT EXISTS "auth_user_groups_group_id_97559544" ON "auth_user_groups" ("group_id");
CREATE UNIQUE INDEX "auth_user_user_permissions_user_id_permission_id_14a6b632_uniq" ON "auth_user_user_permissions" ("user_id", "permission_id");
CREATE INDEX IF NOT EXISTS "auth_user_user_permissions_user_id_a95ead1b" ON "auth_user_user_permissions" ("user_id");
CREATE INDEX IF NOT EXISTS "auth_user_user_permissions_permission_id_1fbb5f2c" ON "auth_user_user_permissions" ("permission_id");
CREATE INDEX IF NOT EXISTS "django_admin_log_content_type_id_c4bce8eb" ON "django_admin_log" ("content_type_id");
CREATE INDEX IF NOT EXISTS "django_admin_log_user_id_c564eba6" ON "django_admin_log" ("user_id");
CREATE UNIQUE INDEX "django_content_type_app_label_model_76bd3d3b_uniq" ON "django_content_type" ("app_label", "model");
CREATE UNIQUE INDEX "auth_permission_content_type_id_codename_01ab375a_uniq" ON "auth_permission" ("content_type_id", "codename");
CREATE INDEX IF NOT EXISTS "auth_permission_content_type_id_2f476e4b" ON "auth_permission" ("content_type_id");
CREATE INDEX IF NOT EXISTS "django_session_expire_date_a5c62663" ON "django_session" ("expire_date");
CREATE INDEX IF NOT EXISTS "temoignage_video_f_categorie_id_36d02ce3" ON "temoignage_video" ("f_categorie_id");
CREATE INDEX IF NOT EXISTS "temoignage_article_f_categorie_id_bc6ce114" ON "temoignage_article" ("f_categorie_id");
CREATE INDEX IF NOT EXISTS "temoignage_commentaire_f_article_id_47aea005" ON "temoignage_commentaire" ("f_article_id");
CREATE INDEX IF NOT EXISTS "temoignage_commentaire_f_video_id_251acb3d" ON "temoignage_commentaire" ("f_video_id");
CREATE TABLE IF NOT EXISTS "auth_group_permissions" ("id" integer NOT NULL PRIMARY KEY AUTOINCREMENT, "group_id" integer NOT NULL REFERENCES "auth_group" ("id") DEFERRABLE INITIALLY DEFERRED, "permission_id" integer NOT NULL REFERENCES "auth_permission" ("id") DEFERRABLE INITIALLY DEFERRED);
CREATE UNIQUE INDEX "auth_group_permissions_group_id_permission_id_0cd325b0_uniq" ON "auth_group_permissions" ("group_id", "permission_id");
CREATE INDEX IF NOT EXISTS "auth_group_permissions_group_id_b120cbf9" ON "auth_group_permissions" ("group_id");
CREATE INDEX IF NOT EXISTS "auth_group_permissions_permission_id_84c5c92e" ON "auth_group_permissions" ("permission_id");
CREATE UNIQUE INDEX "auth_user_groups_user_id_group_id_94350c0c_uniq" ON "auth_user_groups" ("user_id", "group_id");
CREATE INDEX IF NOT EXISTS "auth_user_groups_user_id_6a12ed8b" ON "auth_user_groups" ("user_id");
CREATE INDEX IF NOT EXISTS "auth_user_groups_group_id_97559544" ON "auth_user_groups" ("group_id");
CREATE UNIQUE INDEX "auth_user_user_permissions_user_id_permission_id_14a6b632_uniq" ON "auth_user_user_permissions" ("user_id", "permission_id");
CREATE INDEX IF NOT EXISTS "auth_user_user_permissions_user_id_a95ead1b" ON "auth_user_user_permissions" ("user_id");
CREATE INDEX IF NOT EXISTS "auth_user_user_permissions_permission_id_1fbb5f2c" ON "auth_user_user_permissions" ("permission_id");
CREATE INDEX IF NOT EXISTS "django_admin_log_content_type_id_c4bce8eb" ON "django_admin_log" ("content_type_id");
CREATE INDEX IF NOT EXISTS "django_admin_log_user_id_c564eba6" ON "django_admin_log" ("user_id");
CREATE UNIQUE INDEX "django_content_type_app_label_model_76bd3d3b_uniq" ON "django_content_type" ("app_label", "model");
CREATE UNIQUE INDEX "auth_permission_content_type_id_codename_01ab375a_uniq" ON "auth_permission" ("content_type_id", "codename");
CREATE INDEX IF NOT EXISTS "auth_permission_content_type_id_2f476e4b" ON "auth_permission" ("content_type_id");
CREATE INDEX IF NOT EXISTS "django_session_expire_date_a5c62663" ON "django_session" ("expire_date");
CREATE INDEX IF NOT EXISTS "temoignage_video_f_categorie_id_36d02ce3" ON "temoignage_video" ("f_categorie_id");
CREATE INDEX IF NOT EXISTS "temoignage_article_f_categorie_id_bc6ce114" ON "temoignage_article" ("f_categorie_id");
CREATE INDEX IF NOT EXISTS "temoignage_commentaire_f_article_id_47aea005" ON "temoignage_commentaire" ("f_article_id");
CREATE INDEX IF NOT EXISTS "temoignage_commentaire_f_video_id_251acb3d" ON "temoignage_commentaire" ("f_video_id");
CREATE TABLE IF NOT EXISTS "auth_permission" ("id" integer NOT NULL PRIMARY KEY AUTOINCREMENT, "content_type_id" integer NOT NULL REFERENCES "django_content_type" ("id") DEFERRABLE INITIALLY DEFERRED, "codename" varchar(100) NOT NULL, "name" varchar(255) NOT NULL);
INSERT INTO "auth_permission" VALUES(1,1,'add_logentry','Can add log entry');
INSERT INTO "auth_permission" VALUES(2,1,'change_logentry','Can change log entry');
INSERT INTO "auth_permission" VALUES(3,1,'delete_logentry','Can delete log entry');
INSERT INTO "auth_permission" VALUES(4,1,'view_logentry','Can view log entry');
INSERT INTO "auth_permission" VALUES(5,2,'add_permission','Can add permission');
INSERT INTO "auth_permission" VALUES(6,2,'change_permission','Can change permission');
INSERT INTO "auth_permission" VALUES(7,2,'delete_permission','Can delete permission');
INSERT INTO "auth_permission" VALUES(8,2,'view_permission','Can view permission');
INSERT INTO "auth_permission" VALUES(9,3,'add_group','Can add group');
INSERT INTO "auth_permission" VALUES(10,3,'change_group','Can change group');
INSERT INTO "auth_permission" VALUES(11,3,'delete_group','Can delete group');
INSERT INTO "auth_permission" VALUES(12,3,'view_group','Can view group');
INSERT INTO "auth_permission" VALUES(13,4,'add_user','Can add user');
INSERT INTO "auth_permission" VALUES(14,4,'change_user','Can change user');
INSERT INTO "auth_permission" VALUES(15,4,'delete_user','Can delete user');
INSERT INTO "auth_permission" VALUES(16,4,'view_user','Can view user');
INSERT INTO "auth_permission" VALUES(17,5,'add_contenttype','Can add content type');
INSERT INTO "auth_permission" VALUES(18,5,'change_contenttype','Can change content type');
INSERT INTO "auth_permission" VALUES(19,5,'delete_contenttype','Can delete content type');
INSERT INTO "auth_permission" VALUES(20,5,'view_contenttype','Can view content type');
INSERT INTO "auth_permission" VALUES(21,6,'add_session','Can add session');
INSERT INTO "auth_permission" VALUES(22,6,'change_session','Can change session');
INSERT INTO "auth_permission" VALUES(23,6,'delete_session','Can delete session');
INSERT INTO "auth_permission" VALUES(24,6,'view_session','Can view session');
INSERT INTO "auth_permission" VALUES(25,7,'add_abonnee','Can add abonnee');
INSERT INTO "auth_permission" VALUES(26,7,'change_abonnee','Can change abonnee');
INSERT INTO "auth_permission" VALUES(27,7,'delete_abonnee','Can delete abonnee');
INSERT INTO "auth_permission" VALUES(28,7,'view_abonnee','Can view abonnee');
INSERT INTO "auth_permission" VALUES(29,8,'add_like','Can add like');
INSERT INTO "auth_permission" VALUES(30,8,'change_like','Can change like');
INSERT INTO "auth_permission" VALUES(31,8,'delete_like','Can delete like');
INSERT INTO "auth_permission" VALUES(32,8,'view_like','Can view like');
INSERT INTO "auth_permission" VALUES(33,9,'add_commentaire','Can add commentaire');
INSERT INTO "auth_permission" VALUES(34,9,'change_commentaire','Can change commentaire');
INSERT INTO "auth_permission" VALUES(35,9,'delete_commentaire','Can delete commentaire');
INSERT INTO "auth_permission" VALUES(36,9,'view_commentaire','Can view commentaire');
INSERT INTO "auth_permission" VALUES(37,10,'add_replique','Can add replique');
INSERT INTO "auth_permission" VALUES(38,10,'change_replique','Can change replique');
INSERT INTO "auth_permission" VALUES(39,10,'delete_replique','Can delete replique');
INSERT INTO "auth_permission" VALUES(40,10,'view_replique','Can view replique');
INSERT INTO "auth_permission" VALUES(41,11,'add_categorie','Can add categorie');
INSERT INTO "auth_permission" VALUES(42,11,'change_categorie','Can change categorie');
INSERT INTO "auth_permission" VALUES(43,11,'delete_categorie','Can delete categorie');
INSERT INTO "auth_permission" VALUES(44,11,'view_categorie','Can view categorie');
INSERT INTO "auth_permission" VALUES(45,12,'add_article','Can add article');
INSERT INTO "auth_permission" VALUES(46,12,'change_article','Can change article');
INSERT INTO "auth_permission" VALUES(47,12,'delete_article','Can delete article');
INSERT INTO "auth_permission" VALUES(48,12,'view_article','Can view article');
INSERT INTO "auth_permission" VALUES(49,13,'add_video','Can add video');
INSERT INTO "auth_permission" VALUES(50,13,'change_video','Can change video');
INSERT INTO "auth_permission" VALUES(51,13,'delete_video','Can delete video');
INSERT INTO "auth_permission" VALUES(52,13,'view_video','Can view video');
CREATE UNIQUE INDEX "auth_group_permissions_group_id_permission_id_0cd325b0_uniq" ON "auth_group_permissions" ("group_id", "permission_id");
CREATE INDEX IF NOT EXISTS "auth_group_permissions_group_id_b120cbf9" ON "auth_group_permissions" ("group_id");
CREATE INDEX IF NOT EXISTS "auth_group_permissions_permission_id_84c5c92e" ON "auth_group_permissions" ("permission_id");
CREATE UNIQUE INDEX "auth_user_groups_user_id_group_id_94350c0c_uniq" ON "auth_user_groups" ("user_id", "group_id");
CREATE INDEX IF NOT EXISTS "auth_user_groups_user_id_6a12ed8b" ON "auth_user_groups" ("user_id");
CREATE INDEX IF NOT EXISTS "auth_user_groups_group_id_97559544" ON "auth_user_groups" ("group_id");
CREATE UNIQUE INDEX "auth_user_user_permissions_user_id_permission_id_14a6b632_uniq" ON "auth_user_user_permissions" ("user_id", "permission_id");
CREATE INDEX IF NOT EXISTS "auth_user_user_permissions_user_id_a95ead1b" ON "auth_user_user_permissions" ("user_id");
CREATE INDEX IF NOT EXISTS "auth_user_user_permissions_permission_id_1fbb5f2c" ON "auth_user_user_permissions" ("permission_id");
CREATE INDEX IF NOT EXISTS "django_admin_log_content_type_id_c4bce8eb" ON "django_admin_log" ("content_type_id");
CREATE INDEX IF NOT EXISTS "django_admin_log_user_id_c564eba6" ON "django_admin_log" ("user_id");
CREATE UNIQUE INDEX "django_content_type_app_label_model_76bd3d3b_uniq" ON "django_content_type" ("app_label", "model");
CREATE UNIQUE INDEX "auth_permission_content_type_id_codename_01ab375a_uniq" ON "auth_permission" ("content_type_id", "codename");
CREATE INDEX IF NOT EXISTS "auth_permission_content_type_id_2f476e4b" ON "auth_permission" ("content_type_id");
CREATE INDEX IF NOT EXISTS "django_session_expire_date_a5c62663" ON "django_session" ("expire_date");
CREATE INDEX IF NOT EXISTS "temoignage_video_f_categorie_id_36d02ce3" ON "temoignage_video" ("f_categorie_id");
CREATE INDEX IF NOT EXISTS "temoignage_article_f_categorie_id_bc6ce114" ON "temoignage_article" ("f_categorie_id");
CREATE INDEX IF NOT EXISTS "temoignage_commentaire_f_article_id_47aea005" ON "temoignage_commentaire" ("f_article_id");
CREATE INDEX IF NOT EXISTS "temoignage_commentaire_f_video_id_251acb3d" ON "temoignage_commentaire" ("f_video_id");
CREATE TABLE IF NOT EXISTS "auth_user" ("id" integer NOT NULL PRIMARY KEY AUTOINCREMENT, "password" varchar(128) NOT NULL, "last_login" datetime NULL, "is_superuser" bool NOT NULL, "username" varchar(150) NOT NULL UNIQUE, "last_name" varchar(150) NOT NULL, "email" varchar(254) NOT NULL, "is_staff" bool NOT NULL, "is_active" bool NOT NULL, "date_joined" datetime NOT NULL, "first_name" varchar(150) NOT NULL);
INSERT INTO "auth_user" VALUES(1,'pbkdf2_sha256$600000$d6iwCUlQfcEITEVzyEbKTg$ikbgmh3AQes7jV0ChQhxQl5njXi1YEd7rZ+BsaYZ0m0=',NULL,1,'michael','','',1,1,'2023-04-26 09:50:50.626084','');
INSERT INTO "auth_user" VALUES(2,'pbkdf2_sha256$600000$DnCZ1HlVkT84YvI2x5lFFd$alrQOV3QZUy3qaeRrgVDgyjLgRae6Qu8Ne1EHjW0Sww=',NULL,1,'michelNb','','michaelNyembo03@gmail.com',1,1,'2023-04-26 09:54:37.967290','');
INSERT INTO "auth_user" VALUES(3,'pbkdf2_sha256$600000$b7mSz2qTXgAaHHaZGmWElm$xSWWEJe8j43M0U/6dw+rC+ULo/7Gk2vl0cGRbAlGJg0=','2023-05-13 16:17:26.474390',1,'michel','','michaelNyembo03@gmail.com',1,1,'2023-04-26 09:57:25.020483','');
CREATE UNIQUE INDEX "auth_group_permissions_group_id_permission_id_0cd325b0_uniq" ON "auth_group_permissions" ("group_id", "permission_id");
CREATE INDEX IF NOT EXISTS "auth_group_permissions_group_id_b120cbf9" ON "auth_group_permissions" ("group_id");
CREATE INDEX IF NOT EXISTS "auth_group_permissions_permission_id_84c5c92e" ON "auth_group_permissions" ("permission_id");
CREATE UNIQUE INDEX "auth_user_groups_user_id_group_id_94350c0c_uniq" ON "auth_user_groups" ("user_id", "group_id");
CREATE INDEX IF NOT EXISTS "auth_user_groups_user_id_6a12ed8b" ON "auth_user_groups" ("user_id");
CREATE INDEX IF NOT EXISTS "auth_user_groups_group_id_97559544" ON "auth_user_groups" ("group_id");
CREATE UNIQUE INDEX "auth_user_user_permissions_user_id_permission_id_14a6b632_uniq" ON "auth_user_user_permissions" ("user_id", "permission_id");
CREATE INDEX IF NOT EXISTS "auth_user_user_permissions_user_id_a95ead1b" ON "auth_user_user_permissions" ("user_id");
CREATE INDEX IF NOT EXISTS "auth_user_user_permissions_permission_id_1fbb5f2c" ON "auth_user_user_permissions" ("permission_id");
CREATE INDEX IF NOT EXISTS "django_admin_log_content_type_id_c4bce8eb" ON "django_admin_log" ("content_type_id");
CREATE INDEX IF NOT EXISTS "django_admin_log_user_id_c564eba6" ON "django_admin_log" ("user_id");
CREATE UNIQUE INDEX "django_content_type_app_label_model_76bd3d3b_uniq" ON "django_content_type" ("app_label", "model");
CREATE UNIQUE INDEX "auth_permission_content_type_id_codename_01ab375a_uniq" ON "auth_permission" ("content_type_id", "codename");
CREATE INDEX IF NOT EXISTS "auth_permission_content_type_id_2f476e4b" ON "auth_permission" ("content_type_id");
CREATE INDEX IF NOT EXISTS "django_session_expire_date_a5c62663" ON "django_session" ("expire_date");
CREATE INDEX IF NOT EXISTS "temoignage_video_f_categorie_id_36d02ce3" ON "temoignage_video" ("f_categorie_id");
CREATE INDEX IF NOT EXISTS "temoignage_article_f_categorie_id_bc6ce114" ON "temoignage_article" ("f_categorie_id");
CREATE INDEX IF NOT EXISTS "temoignage_commentaire_f_article_id_47aea005" ON "temoignage_commentaire" ("f_article_id");
CREATE INDEX IF NOT EXISTS "temoignage_commentaire_f_video_id_251acb3d" ON "temoignage_commentaire" ("f_video_id");
CREATE TABLE IF NOT EXISTS "auth_user_groups" ("id" integer NOT NULL PRIMARY KEY AUTOINCREMENT, "user_id" integer NOT NULL REFERENCES "auth_user" ("id") DEFERRABLE INITIALLY DEFERRED, "group_id" integer NOT NULL REFERENCES "auth_group" ("id") DEFERRABLE INITIALLY DEFERRED);
CREATE UNIQUE INDEX "auth_group_permissions_group_id_permission_id_0cd325b0_uniq" ON "auth_group_permissions" ("group_id", "permission_id");
CREATE INDEX IF NOT EXISTS "auth_group_permissions_group_id_b120cbf9" ON "auth_group_permissions" ("group_id");
CREATE INDEX IF NOT EXISTS "auth_group_permissions_permission_id_84c5c92e" ON "auth_group_permissions" ("permission_id");
CREATE UNIQUE INDEX "auth_user_groups_user_id_group_id_94350c0c_uniq" ON "auth_user_groups" ("user_id", "group_id");
CREATE INDEX IF NOT EXISTS "auth_user_groups_user_id_6a12ed8b" ON "auth_user_groups" ("user_id");
CREATE INDEX IF NOT EXISTS "auth_user_groups_group_id_97559544" ON "auth_user_groups" ("group_id");
CREATE UNIQUE INDEX "auth_user_user_permissions_user_id_permission_id_14a6b632_uniq" ON "auth_user_user_permissions" ("user_id", "permission_id");
CREATE INDEX IF NOT EXISTS "auth_user_user_permissions_user_id_a95ead1b" ON "auth_user_user_permissions" ("user_id");
CREATE INDEX IF NOT EXISTS "auth_user_user_permissions_permission_id_1fbb5f2c" ON "auth_user_user_permissions" ("permission_id");
CREATE INDEX IF NOT EXISTS "django_admin_log_content_type_id_c4bce8eb" ON "django_admin_log" ("content_type_id");
CREATE INDEX IF NOT EXISTS "django_admin_log_user_id_c564eba6" ON "django_admin_log" ("user_id");
CREATE UNIQUE INDEX "django_content_type_app_label_model_76bd3d3b_uniq" ON "django_content_type" ("app_label", "model");
CREATE UNIQUE INDEX "auth_permission_content_type_id_codename_01ab375a_uniq" ON "auth_permission" ("content_type_id", "codename");
CREATE INDEX IF NOT EXISTS "auth_permission_content_type_id_2f476e4b" ON "auth_permission" ("content_type_id");
CREATE INDEX IF NOT EXISTS "django_session_expire_date_a5c62663" ON "django_session" ("expire_date");
CREATE INDEX IF NOT EXISTS "temoignage_video_f_categorie_id_36d02ce3" ON "temoignage_video" ("f_categorie_id");
CREATE INDEX IF NOT EXISTS "temoignage_article_f_categorie_id_bc6ce114" ON "temoignage_article" ("f_categorie_id");
CREATE INDEX IF NOT EXISTS "temoignage_commentaire_f_article_id_47aea005" ON "temoignage_commentaire" ("f_article_id");
CREATE INDEX IF NOT EXISTS "temoignage_commentaire_f_video_id_251acb3d" ON "temoignage_commentaire" ("f_video_id");
CREATE TABLE IF NOT EXISTS "auth_user_user_permissions" ("id" integer NOT NULL PRIMARY KEY AUTOINCREMENT, "user_id" integer NOT NULL REFERENCES "auth_user" ("id") DEFERRABLE INITIALLY DEFERRED, "permission_id" integer NOT NULL REFERENCES "auth_permission" ("id") DEFERRABLE INITIALLY DEFERRED);
CREATE UNIQUE INDEX "auth_group_permissions_group_id_permission_id_0cd325b0_uniq" ON "auth_group_permissions" ("group_id", "permission_id");
CREATE INDEX IF NOT EXISTS "auth_group_permissions_group_id_b120cbf9" ON "auth_group_permissions" ("group_id");
CREATE INDEX IF NOT EXISTS "auth_group_permissions_permission_id_84c5c92e" ON "auth_group_permissions" ("permission_id");
CREATE UNIQUE INDEX "auth_user_groups_user_id_group_id_94350c0c_uniq" ON "auth_user_groups" ("user_id", "group_id");
CREATE INDEX IF NOT EXISTS "auth_user_groups_user_id_6a12ed8b" ON "auth_user_groups" ("user_id");
CREATE INDEX IF NOT EXISTS "auth_user_groups_group_id_97559544" ON "auth_user_groups" ("group_id");
CREATE UNIQUE INDEX "auth_user_user_permissions_user_id_permission_id_14a6b632_uniq" ON "auth_user_user_permissions" ("user_id", "permission_id");
CREATE INDEX IF NOT EXISTS "auth_user_user_permissions_user_id_a95ead1b" ON "auth_user_user_permissions" ("user_id");
CREATE INDEX IF NOT EXISTS "auth_user_user_permissions_permission_id_1fbb5f2c" ON "auth_user_user_permissions" ("permission_id");
CREATE INDEX IF NOT EXISTS "django_admin_log_content_type_id_c4bce8eb" ON "django_admin_log" ("content_type_id");
CREATE INDEX IF NOT EXISTS "django_admin_log_user_id_c564eba6" ON "django_admin_log" ("user_id");
CREATE UNIQUE INDEX "django_content_type_app_label_model_76bd3d3b_uniq" ON "django_content_type" ("app_label", "model");
CREATE UNIQUE INDEX "auth_permission_content_type_id_codename_01ab375a_uniq" ON "auth_permission" ("content_type_id", "codename");
CREATE INDEX IF NOT EXISTS "auth_permission_content_type_id_2f476e4b" ON "auth_permission" ("content_type_id");
CREATE INDEX IF NOT EXISTS "django_session_expire_date_a5c62663" ON "django_session" ("expire_date");
CREATE INDEX IF NOT EXISTS "temoignage_video_f_categorie_id_36d02ce3" ON "temoignage_video" ("f_categorie_id");
CREATE INDEX IF NOT EXISTS "temoignage_article_f_categorie_id_bc6ce114" ON "temoignage_article" ("f_categorie_id");
CREATE INDEX IF NOT EXISTS "temoignage_commentaire_f_article_id_47aea005" ON "temoignage_commentaire" ("f_article_id");
CREATE INDEX IF NOT EXISTS "temoignage_commentaire_f_video_id_251acb3d" ON "temoignage_commentaire" ("f_video_id");
CREATE TABLE IF NOT EXISTS "django_admin_log" ("id" integer NOT NULL PRIMARY KEY AUTOINCREMENT, "object_id" text NULL, "object_repr" varchar(200) NOT NULL, "action_flag" smallint unsigned NOT NULL CHECK ("action_flag" >= 0), "change_message" text NOT NULL, "content_type_id" integer NULL REFERENCES "django_content_type" ("id") DEFERRABLE INITIALLY DEFERRED, "user_id" integer NOT NULL REFERENCES "auth_user" ("id") DEFERRABLE INITIALLY DEFERRED, "action_time" datetime NOT NULL);
INSERT INTO "django_admin_log" VALUES(1,'1','Categorie object (1)',1,'[{"added": {}}]',11,3,'2023-04-27 13:49:40.390659');
INSERT INTO "django_admin_log" VALUES(2,'2','Categorie object (2)',1,'[{"added": {}}]',11,3,'2023-04-27 13:50:40.934442');
INSERT INTO "django_admin_log" VALUES(3,'3','Categorie object (3)',1,'[{"added": {}}]',11,3,'2023-04-27 13:51:00.213691');
INSERT INTO "django_admin_log" VALUES(4,'4','Categorie object (4)',1,'[{"added": {}}]',11,3,'2023-04-27 13:51:59.210410');
INSERT INTO "django_admin_log" VALUES(5,'5','Categorie object (5)',1,'[{"added": {}}]',11,3,'2023-04-27 13:52:37.642243');
INSERT INTO "django_admin_log" VALUES(6,'1','Loream',1,'[{"added": {}}]',12,3,'2023-04-27 14:04:34.069837');
INSERT INTO "django_admin_log" VALUES(7,'2','Remlo',1,'[{"added": {}}]',12,3,'2023-04-27 14:07:48.086373');
INSERT INTO "django_admin_log" VALUES(8,'3','Jesus',1,'[{"added": {}}]',12,3,'2023-04-27 14:08:39.326263');
INSERT INTO "django_admin_log" VALUES(9,'3','Jesus',2,'[{"changed": {"fields": ["Image"]}}]',12,3,'2023-04-27 14:50:28.977624');
INSERT INTO "django_admin_log" VALUES(10,'2','Remlo',2,'[{"changed": {"fields": ["Image"]}}]',12,3,'2023-04-27 14:56:12.356176');
INSERT INTO "django_admin_log" VALUES(11,'3','Jesus',2,'[{"changed": {"fields": ["Image"]}}]',12,3,'2023-04-27 14:59:38.767167');
INSERT INTO "django_admin_log" VALUES(12,'3','Jesus',2,'[{"changed": {"fields": ["Image"]}}]',12,3,'2023-04-27 15:00:19.993950');
INSERT INTO "django_admin_log" VALUES(13,'2','Remlo',2,'[{"changed": {"fields": ["Image"]}}]',12,3,'2023-04-27 15:00:34.808559');
INSERT INTO "django_admin_log" VALUES(14,'1','Loream',2,'[{"changed": {"fields": ["Image"]}}]',12,3,'2023-04-27 15:00:49.958741');
INSERT INTO "django_admin_log" VALUES(15,'3','Jesus',2,'[{"changed": {"fields": ["Image"]}}]',12,3,'2023-04-27 15:05:45.545011');
INSERT INTO "django_admin_log" VALUES(16,'2','Remlo',2,'[{"changed": {"fields": ["Image"]}}]',12,3,'2023-04-27 15:06:03.825304');
INSERT INTO "django_admin_log" VALUES(17,'1','Loream',2,'[{"changed": {"fields": ["Image"]}}]',12,3,'2023-04-27 15:06:20.617387');
INSERT INTO "django_admin_log" VALUES(18,'3','Jesus',2,'[{"changed": {"fields": ["Image"]}}]',12,3,'2023-04-27 15:53:39.454850');
INSERT INTO "django_admin_log" VALUES(19,'2','Remlo',2,'[{"changed": {"fields": ["Image"]}}]',12,3,'2023-04-27 15:53:55.832634');
INSERT INTO "django_admin_log" VALUES(20,'1','Loream',2,'[{"changed": {"fields": ["Image"]}}]',12,3,'2023-04-27 15:54:12.091489');
INSERT INTO "django_admin_log" VALUES(21,'3','Jesus',2,'[{"changed": {"fields": ["Image"]}}]',12,3,'2023-04-27 16:02:22.733089');
INSERT INTO "django_admin_log" VALUES(22,'3','Jesus',2,'[{"changed": {"fields": ["Image"]}}]',12,3,'2023-04-27 16:04:35.052092');
INSERT INTO "django_admin_log" VALUES(23,'2','Remlo',2,'[{"changed": {"fields": ["Image"]}}]',12,3,'2023-04-27 16:04:48.239546');
INSERT INTO "django_admin_log" VALUES(24,'1','Loream',2,'[{"changed": {"fields": ["Image"]}}]',12,3,'2023-04-27 16:05:01.329604');
INSERT INTO "django_admin_log" VALUES(25,'3','Jesus',2,'[{"changed": {"fields": ["Image"]}}]',12,3,'2023-04-27 16:18:54.431287');
INSERT INTO "django_admin_log" VALUES(26,'2','Remlo',2,'[{"changed": {"fields": ["Image"]}}]',12,3,'2023-04-27 16:19:18.000453');
INSERT INTO "django_admin_log" VALUES(27,'1','Loream',2,'[{"changed": {"fields": ["Image"]}}]',12,3,'2023-04-27 16:19:35.978346');
INSERT INTO "django_admin_log" VALUES(28,'3','Jesus',2,'[{"changed": {"fields": ["Image"]}}]',12,3,'2023-04-28 07:45:55.232167');
INSERT INTO "django_admin_log" VALUES(29,'2','Remlo',2,'[{"changed": {"fields": ["Image"]}}]',12,3,'2023-04-28 07:46:07.907838');
INSERT INTO "django_admin_log" VALUES(30,'1','Loream',2,'[{"changed": {"fields": ["Image"]}}]',12,3,'2023-04-28 07:46:18.892046');
INSERT INTO "django_admin_log" VALUES(31,'3','Jesus',2,'[{"changed": {"fields": ["Image"]}}]',12,3,'2023-04-28 07:56:53.749967');
INSERT INTO "django_admin_log" VALUES(32,'2','Remlo',2,'[{"changed": {"fields": ["Image"]}}]',12,3,'2023-04-28 07:57:08.278974');
INSERT INTO "django_admin_log" VALUES(33,'1','Loream',2,'[{"changed": {"fields": ["Image"]}}]',12,3,'2023-04-28 07:57:18.918141');
INSERT INTO "django_admin_log" VALUES(34,'1','Michael',1,'[{"added": {}}]',9,3,'2023-05-01 05:36:56.338664');
INSERT INTO "django_admin_log" VALUES(35,'2','Josue',1,'[{"added": {}}]',9,3,'2023-05-01 06:33:05.418583');
INSERT INTO "django_admin_log" VALUES(36,'5','Nyembo',3,'',9,3,'2023-05-03 15:18:08.264271');
INSERT INTO "django_admin_log" VALUES(37,'4','Nyembo',3,'',9,3,'2023-05-03 15:18:17.810556');
INSERT INTO "django_admin_log" VALUES(38,'1','Comment Jésus a change ma vie',1,'[{"added": {}}]',13,3,'2023-05-09 21:04:03.704903');
INSERT INTO "django_admin_log" VALUES(39,'2','Musulman, j''ai rencontré Jesus',1,'[{"added": {}}]',13,3,'2023-05-09 21:12:44.495330');
INSERT INTO "django_admin_log" VALUES(40,'2','Musulman, j''ai rencontré Jesus',2,'[]',13,3,'2023-05-09 21:12:53.040988');
INSERT INTO "django_admin_log" VALUES(41,'3','Je me moquais des chrétiens et Dieu m''a rendue chrétienne',1,'[{"added": {}}]',13,3,'2023-05-09 21:13:56.966970');
INSERT INTO "django_admin_log" VALUES(42,'4','Reniée par ma famille et sans abris',1,'[{"added": {}}]',13,3,'2023-05-09 21:15:06.528107');
INSERT INTO "django_admin_log" VALUES(43,'5','De ATHÉE à PASTEUR - JESUS m''a SAUVÉ',1,'[{"added": {}}]',13,3,'2023-05-11 17:57:06.604330');
INSERT INTO "django_admin_log" VALUES(44,'6','TOUCHER LE CŒUR DE DIEU',1,'[{"added": {}}]',13,3,'2023-05-11 18:01:02.673826');
INSERT INTO "django_admin_log" VALUES(45,'7','DIEU A POURVU POUR MON VISA',1,'[{"added": {}}]',13,3,'2023-05-11 18:02:37.774646');
INSERT INTO "django_admin_log" VALUES(46,'8','DIEU M''A GUÉRIE ET LIBÉRÉE',1,'[{"added": {}}]',13,3,'2023-05-11 18:03:38.754291');
INSERT INTO "django_admin_log" VALUES(47,'6','Guérison',1,'[{"added": {}}]',11,3,'2023-05-11 18:04:27.034881');
INSERT INTO "django_admin_log" VALUES(48,'7','Provision',1,'[{"added": {}}]',11,3,'2023-05-11 18:04:37.542282');
INSERT INTO "django_admin_log" VALUES(49,'7','DIEU A POURVU POUR MON VISA',2,'[{"changed": {"fields": ["F categorie"]}}]',13,3,'2023-05-11 18:05:20.341969');
INSERT INTO "django_admin_log" VALUES(50,'8','Supplication',1,'[{"added": {}}]',11,3,'2023-05-11 18:06:28.120641');
INSERT INTO "django_admin_log" VALUES(51,'9','Prière',1,'[{"added": {}}]',11,3,'2023-05-11 18:06:49.901834');
INSERT INTO "django_admin_log" VALUES(52,'22','Jean-Michel',3,'',9,3,'2023-05-13 15:31:43.403283');
INSERT INTO "django_admin_log" VALUES(53,'21','Laure Kidi',3,'',9,3,'2023-05-13 15:32:12.978590');
INSERT INTO "django_admin_log" VALUES(54,'20','Laure Kidi',3,'',9,3,'2023-05-13 15:32:12.983574');
INSERT INTO "django_admin_log" VALUES(55,'19','Nyembo',3,'',9,3,'2023-05-13 15:32:12.987073');
INSERT INTO "django_admin_log" VALUES(56,'18','Murielle',3,'',9,3,'2023-05-13 15:32:12.993059');
INSERT INTO "django_admin_log" VALUES(57,'17','Michaella',3,'',9,3,'2023-05-13 15:32:12.997579');
INSERT INTO "django_admin_log" VALUES(58,'16','Mikado',3,'',9,3,'2023-05-13 15:32:13.001569');
INSERT INTO "django_admin_log" VALUES(59,'15','Myriam',3,'',9,3,'2023-05-13 15:32:13.007068');
INSERT INTO "django_admin_log" VALUES(60,'14','Muriel',3,'',9,3,'2023-05-13 15:32:13.012054');
INSERT INTO "django_admin_log" VALUES(61,'13','Julia',3,'',9,3,'2023-05-13 15:32:13.016565');
INSERT INTO "django_admin_log" VALUES(62,'12','Julien',3,'',9,3,'2023-05-13 15:32:13.020555');
INSERT INTO "django_admin_log" VALUES(63,'11','Michael',3,'',9,3,'2023-05-13 15:32:13.025048');
INSERT INTO "django_admin_log" VALUES(64,'10','Nyembo',3,'',9,3,'2023-05-13 15:32:13.029044');
INSERT INTO "django_admin_log" VALUES(65,'9','Marc',3,'',9,3,'2023-05-13 15:32:13.033032');
INSERT INTO "django_admin_log" VALUES(66,'8','Marc',3,'',9,3,'2023-05-13 15:32:13.036579');
INSERT INTO "django_admin_log" VALUES(67,'7','Marc',3,'',9,3,'2023-05-13 15:32:13.040569');
INSERT INTO "django_admin_log" VALUES(68,'6','Marc',3,'',9,3,'2023-05-13 15:32:13.045061');
INSERT INTO "django_admin_log" VALUES(69,'3','Nyembo',3,'',9,3,'2023-05-13 15:32:13.050053');
INSERT INTO "django_admin_log" VALUES(70,'2','Josue',3,'',9,3,'2023-05-13 15:32:13.054551');
INSERT INTO "django_admin_log" VALUES(71,'1','Michael',3,'',9,3,'2023-05-13 15:32:13.059562');
CREATE UNIQUE INDEX "auth_group_permissions_group_id_permission_id_0cd325b0_uniq" ON "auth_group_permissions" ("group_id", "permission_id");
CREATE INDEX IF NOT EXISTS "auth_group_permissions_group_id_b120cbf9" ON "auth_group_permissions" ("group_id");
CREATE INDEX IF NOT EXISTS "auth_group_permissions_permission_id_84c5c92e" ON "auth_group_permissions" ("permission_id");
CREATE UNIQUE INDEX "auth_user_groups_user_id_group_id_94350c0c_uniq" ON "auth_user_groups" ("user_id", "group_id");
CREATE INDEX IF NOT EXISTS "auth_user_groups_user_id_6a12ed8b" ON "auth_user_groups" ("user_id");
CREATE INDEX IF NOT EXISTS "auth_user_groups_group_id_97559544" ON "auth_user_groups" ("group_id");
CREATE UNIQUE INDEX "auth_user_user_permissions_user_id_permission_id_14a6b632_uniq" ON "auth_user_user_permissions" ("user_id", "permission_id");
CREATE INDEX IF NOT EXISTS "auth_user_user_permissions_user_id_a95ead1b" ON "auth_user_user_permissions" ("user_id");
CREATE INDEX IF NOT EXISTS "auth_user_user_permissions_permission_id_1fbb5f2c" ON "auth_user_user_permissions" ("permission_id");
CREATE INDEX IF NOT EXISTS "django_admin_log_content_type_id_c4bce8eb" ON "django_admin_log" ("content_type_id");
CREATE INDEX IF NOT EXISTS "django_admin_log_user_id_c564eba6" ON "django_admin_log" ("user_id");
CREATE UNIQUE INDEX "django_content_type_app_label_model_76bd3d3b_uniq" ON "django_content_type" ("app_label", "model");
CREATE UNIQUE INDEX "auth_permission_content_type_id_codename_01ab375a_uniq" ON "auth_permission" ("content_type_id", "codename");
CREATE INDEX IF NOT EXISTS "auth_permission_content_type_id_2f476e4b" ON "auth_permission" ("content_type_id");
CREATE INDEX IF NOT EXISTS "django_session_expire_date_a5c62663" ON "django_session" ("expire_date");
CREATE INDEX IF NOT EXISTS "temoignage_video_f_categorie_id_36d02ce3" ON "temoignage_video" ("f_categorie_id");
CREATE INDEX IF NOT EXISTS "temoignage_article_f_categorie_id_bc6ce114" ON "temoignage_article" ("f_categorie_id");
CREATE INDEX IF NOT EXISTS "temoignage_commentaire_f_article_id_47aea005" ON "temoignage_commentaire" ("f_article_id");
CREATE INDEX IF NOT EXISTS "temoignage_commentaire_f_video_id_251acb3d" ON "temoignage_commentaire" ("f_video_id");
CREATE TABLE IF NOT EXISTS "django_content_type" ("id" integer NOT NULL PRIMARY KEY AUTOINCREMENT, "app_label" varchar(100) NOT NULL, "model" varchar(100) NOT NULL);
INSERT INTO "django_content_type" VALUES(1,'admin','logentry');
INSERT INTO "django_content_type" VALUES(2,'auth','permission');
INSERT INTO "django_content_type" VALUES(3,'auth','group');
INSERT INTO "django_content_type" VALUES(4,'auth','user');
INSERT INTO "django_content_type" VALUES(5,'contenttypes','contenttype');
INSERT INTO "django_content_type" VALUES(6,'sessions','session');
INSERT INTO "django_content_type" VALUES(7,'temoignage','abonnee');
INSERT INTO "django_content_type" VALUES(8,'temoignage','like');
INSERT INTO "django_content_type" VALUES(9,'temoignage','commentaire');
INSERT INTO "django_content_type" VALUES(10,'temoignage','replique');
INSERT INTO "django_content_type" VALUES(11,'temoignage','categorie');
INSERT INTO "django_content_type" VALUES(12,'temoignage','article');
INSERT INTO "django_content_type" VALUES(13,'temoignage','video');
CREATE UNIQUE INDEX "auth_group_permissions_group_id_permission_id_0cd325b0_uniq" ON "auth_group_permissions" ("group_id", "permission_id");
CREATE INDEX IF NOT EXISTS "auth_group_permissions_group_id_b120cbf9" ON "auth_group_permissions" ("group_id");
CREATE INDEX IF NOT EXISTS "auth_group_permissions_permission_id_84c5c92e" ON "auth_group_permissions" ("permission_id");
CREATE UNIQUE INDEX "auth_user_groups_user_id_group_id_94350c0c_uniq" ON "auth_user_groups" ("user_id", "group_id");
CREATE INDEX IF NOT EXISTS "auth_user_groups_user_id_6a12ed8b" ON "auth_user_groups" ("user_id");
CREATE INDEX IF NOT EXISTS "auth_user_groups_group_id_97559544" ON "auth_user_groups" ("group_id");
CREATE UNIQUE INDEX "auth_user_user_permissions_user_id_permission_id_14a6b632_uniq" ON "auth_user_user_permissions" ("user_id", "permission_id");
CREATE INDEX IF NOT EXISTS "auth_user_user_permissions_user_id_a95ead1b" ON "auth_user_user_permissions" ("user_id");
CREATE INDEX IF NOT EXISTS "auth_user_user_permissions_permission_id_1fbb5f2c" ON "auth_user_user_permissions" ("permission_id");
CREATE INDEX IF NOT EXISTS "django_admin_log_content_type_id_c4bce8eb" ON "django_admin_log" ("content_type_id");
CREATE INDEX IF NOT EXISTS "django_admin_log_user_id_c564eba6" ON "django_admin_log" ("user_id");
CREATE UNIQUE INDEX "django_content_type_app_label_model_76bd3d3b_uniq" ON "django_content_type" ("app_label", "model");
CREATE UNIQUE INDEX "auth_permission_content_type_id_codename_01ab375a_uniq" ON "auth_permission" ("content_type_id", "codename");
CREATE INDEX IF NOT EXISTS "auth_permission_content_type_id_2f476e4b" ON "auth_permission" ("content_type_id");
CREATE INDEX IF NOT EXISTS "django_session_expire_date_a5c62663" ON "django_session" ("expire_date");
CREATE INDEX IF NOT EXISTS "temoignage_video_f_categorie_id_36d02ce3" ON "temoignage_video" ("f_categorie_id");
CREATE INDEX IF NOT EXISTS "temoignage_article_f_categorie_id_bc6ce114" ON "temoignage_article" ("f_categorie_id");
CREATE INDEX IF NOT EXISTS "temoignage_commentaire_f_article_id_47aea005" ON "temoignage_commentaire" ("f_article_id");
CREATE INDEX IF NOT EXISTS "temoignage_commentaire_f_video_id_251acb3d" ON "temoignage_commentaire" ("f_video_id");
CREATE TABLE IF NOT EXISTS "django_migrations" ("id" integer NOT NULL PRIMARY KEY AUTOINCREMENT, "app" varchar(255) NOT NULL, "name" varchar(255) NOT NULL, "applied" datetime NOT NULL);
INSERT INTO "django_migrations" VALUES(1,'contenttypes','0001_initial','2023-04-23 09:57:53.772908');
INSERT INTO "django_migrations" VALUES(2,'auth','0001_initial','2023-04-23 09:57:53.792453');
INSERT INTO "django_migrations" VALUES(3,'admin','0001_initial','2023-04-23 09:57:53.803935');
INSERT INTO "django_migrations" VALUES(4,'admin','0002_logentry_remove_auto_add','2023-04-23 09:57:53.816474');
INSERT INTO "django_migrations" VALUES(5,'admin','0003_logentry_add_action_flag_choices','2023-04-23 09:57:53.823962');
INSERT INTO "django_migrations" VALUES(6,'contenttypes','0002_remove_content_type_name','2023-04-23 09:57:53.842986');
INSERT INTO "django_migrations" VALUES(7,'auth','0002_alter_permission_name_max_length','2023-04-23 09:57:53.855485');
INSERT INTO "django_migrations" VALUES(8,'auth','0003_alter_user_email_max_length','2023-04-23 09:57:53.866964');
INSERT INTO "django_migrations" VALUES(9,'auth','0004_alter_user_username_opts','2023-04-23 09:57:53.875466');
INSERT INTO "django_migrations" VALUES(10,'auth','0005_alter_user_last_login_null','2023-04-23 09:57:53.889460');
INSERT INTO "django_migrations" VALUES(11,'auth','0006_require_contenttypes_0002','2023-04-23 09:57:53.893468');
INSERT INTO "django_migrations" VALUES(12,'auth','0007_alter_validators_add_error_messages','2023-04-23 09:57:53.901957');
INSERT INTO "django_migrations" VALUES(13,'auth','0008_alter_user_username_max_length','2023-04-23 09:57:53.914448');
INSERT INTO "django_migrations" VALUES(14,'auth','0009_alter_user_last_name_max_length','2023-04-23 09:57:53.924932');
INSERT INTO "django_migrations" VALUES(15,'auth','0010_alter_group_name_max_length','2023-04-23 09:57:53.938453');
INSERT INTO "django_migrations" VALUES(16,'auth','0011_update_proxy_permissions','2023-04-23 09:57:53.947936');
INSERT INTO "django_migrations" VALUES(17,'auth','0012_alter_user_first_name_max_length','2023-04-23 09:57:53.959438');
INSERT INTO "django_migrations" VALUES(18,'sessions','0001_initial','2023-04-23 09:57:53.967928');
INSERT INTO "django_migrations" VALUES(19,'temoignage','0001_initial','2023-04-26 09:51:02.322359');
INSERT INTO "django_migrations" VALUES(20,'temoignage','0002_alter_article_article_alter_commentaire_commentaire_and_more','2023-04-27 14:48:16.876146');
INSERT INTO "django_migrations" VALUES(21,'temoignage','0003_alter_article_image','2023-04-27 19:18:16.784672');
INSERT INTO "django_migrations" VALUES(22,'temoignage','0004_alter_article_image','2023-04-28 09:54:55.883588');
INSERT INTO "django_migrations" VALUES(23,'temoignage','0005_delete_like','2023-04-28 12:55:47.508585');
INSERT INTO "django_migrations" VALUES(24,'temoignage','0006_delete_replique','2023-04-30 19:50:21.738486');
INSERT INTO "django_migrations" VALUES(25,'temoignage','0007_alter_commentaire_f_article','2023-04-30 20:00:32.707901');
INSERT INTO "django_migrations" VALUES(26,'temoignage','0008_rename_email_commentaire_nom','2023-05-01 05:30:10.698954');
INSERT INTO "django_migrations" VALUES(27,'temoignage','0009_alter_commentaire_f_video','2023-05-01 05:34:44.586511');
CREATE UNIQUE INDEX "auth_group_permissions_group_id_permission_id_0cd325b0_uniq" ON "auth_group_permissions" ("group_id", "permission_id");
CREATE INDEX IF NOT EXISTS "auth_group_permissions_group_id_b120cbf9" ON "auth_group_permissions" ("group_id");
CREATE INDEX IF NOT EXISTS "auth_group_permissions_permission_id_84c5c92e" ON "auth_group_permissions" ("permission_id");
CREATE UNIQUE INDEX "auth_user_groups_user_id_group_id_94350c0c_uniq" ON "auth_user_groups" ("user_id", "group_id");
CREATE INDEX IF NOT EXISTS "auth_user_groups_user_id_6a12ed8b" ON "auth_user_groups" ("user_id");
CREATE INDEX IF NOT EXISTS "auth_user_groups_group_id_97559544" ON "auth_user_groups" ("group_id");
CREATE UNIQUE INDEX "auth_user_user_permissions_user_id_permission_id_14a6b632_uniq" ON "auth_user_user_permissions" ("user_id", "permission_id");
CREATE INDEX IF NOT EXISTS "auth_user_user_permissions_user_id_a95ead1b" ON "auth_user_user_permissions" ("user_id");
CREATE INDEX IF NOT EXISTS "auth_user_user_permissions_permission_id_1fbb5f2c" ON "auth_user_user_permissions" ("permission_id");
CREATE INDEX IF NOT EXISTS "django_admin_log_content_type_id_c4bce8eb" ON "django_admin_log" ("content_type_id");
CREATE INDEX IF NOT EXISTS "django_admin_log_user_id_c564eba6" ON "django_admin_log" ("user_id");
CREATE UNIQUE INDEX "django_content_type_app_label_model_76bd3d3b_uniq" ON "django_content_type" ("app_label", "model");
CREATE UNIQUE INDEX "auth_permission_content_type_id_codename_01ab375a_uniq" ON "auth_permission" ("content_type_id", "codename");
CREATE INDEX IF NOT EXISTS "auth_permission_content_type_id_2f476e4b" ON "auth_permission" ("content_type_id");
CREATE INDEX IF NOT EXISTS "django_session_expire_date_a5c62663" ON "django_session" ("expire_date");
CREATE INDEX IF NOT EXISTS "temoignage_video_f_categorie_id_36d02ce3" ON "temoignage_video" ("f_categorie_id");
CREATE INDEX IF NOT EXISTS "temoignage_article_f_categorie_id_bc6ce114" ON "temoignage_article" ("f_categorie_id");
CREATE INDEX IF NOT EXISTS "temoignage_commentaire_f_article_id_47aea005" ON "temoignage_commentaire" ("f_article_id");
CREATE INDEX IF NOT EXISTS "temoignage_commentaire_f_video_id_251acb3d" ON "temoignage_commentaire" ("f_video_id");
CREATE TABLE IF NOT EXISTS "django_session" ("session_key" varchar(40) NOT NULL PRIMARY KEY, "session_data" text NOT NULL, "expire_date" datetime NOT NULL);
INSERT INTO "django_session" VALUES('3csensptiscroek5jman5q9t9afi6doz','.eJxVjMsOwiAQRf-FtSE8Wgou3fsNZJgZpGogKe3K-O_apAvd3nPOfYkI21ri1nmJM4mzsOL0uyXAB9cd0B3qrUlsdV3mJHdFHrTLayN-Xg7376BAL9_asR4HzQosKhMUoVLZoPaoDU0mu8ESscEMBJhCgDBZk5g9EDo_Mor3B-v1ON8:1prbuZ:akg9YHlZVYMoQblAGjonQjQ0uo-mGK-XJn4qi3cZ5vQ','2023-05-10 09:58:07.099435');
INSERT INTO "django_session" VALUES('un4cswdbjtkb1ujj79p831u5t2caistf','.eJxVjMsOwiAQRf-FtSE8Wgou3fsNZJgZpGogKe3K-O_apAvd3nPOfYkI21ri1nmJM4mzsOL0uyXAB9cd0B3qrUlsdV3mJHdFHrTLayN-Xg7376BAL9_asR4HzQosKhMUoVLZoPaoDU0mu8ESscEMBJhCgDBZk5g9EDo_Mor3B-v1ON8:1ps1vY:XAG6KczmNA6NyDr2FIQ1hDwdNfxITFazJDjmBQs3wfI','2023-05-11 13:44:52.209211');
INSERT INTO "django_session" VALUES('tydodn34sx30wjk01jr7nwjyrmhr0w08','.eJxVjMsOwiAQRf-FtSE8Wgou3fsNZJgZpGogKe3K-O_apAvd3nPOfYkI21ri1nmJM4mzsOL0uyXAB9cd0B3qrUlsdV3mJHdFHrTLayN-Xg7376BAL9_asR4HzQosKhMUoVLZoPaoDU0mu8ESscEMBJhCgDBZk5g9EDo_Mor3B-v1ON8:1ps2vw:dWqoDVPR55DZGm1Wziame62IyBYvyI84VbCkddhWd4U','2023-05-11 14:49:20.252604');
INSERT INTO "django_session" VALUES('twn6mk75yg3csi3hym2u5lklyp4qvdmy','.eJxVjMsOwiAQRf-FtSE8Wgou3fsNZJgZpGogKe3K-O_apAvd3nPOfYkI21ri1nmJM4mzsOL0uyXAB9cd0B3qrUlsdV3mJHdFHrTLayN-Xg7376BAL9_asR4HzQosKhMUoVLZoPaoDU0mu8ESscEMBJhCgDBZk5g9EDo_Mor3B-v1ON8:1ps7Fx:rl6RTY0H1ZWyuewkMQ5IJry_DZJZG7kCn5EYaSikNGM','2023-05-11 19:26:17.140723');
INSERT INTO "django_session" VALUES('9vimje9onn07cf0mjb2kcv1zh0npbl3n','.eJxVjMsOwiAQRf-FtSE8Wgou3fsNZJgZpGogKe3K-O_apAvd3nPOfYkI21ri1nmJM4mzsOL0uyXAB9cd0B3qrUlsdV3mJHdFHrTLayN-Xg7376BAL9_asR4HzQosKhMUoVLZoPaoDU0mu8ESscEMBJhCgDBZk5g9EDo_Mor3B-v1ON8:1psInO:QCU0i9EBtFRuWrPVuEBI-7Ywodl-ZppaWqA6ayQT_O4','2023-05-12 07:45:34.813988');
INSERT INTO "django_session" VALUES('lofsej13t5ncgfljp1ymh45j1gxuku8r','.eJxVjMsOwiAQRf-FtSE8Wgou3fsNZJgZpGogKe3K-O_apAvd3nPOfYkI21ri1nmJM4mzsOL0uyXAB9cd0B3qrUlsdV3mJHdFHrTLayN-Xg7376BAL9_asR4HzQosKhMUoVLZoPaoDU0mu8ESscEMBJhCgDBZk5g9EDo_Mor3B-v1ON8:1ptN5S:kDCg2WqtogPfS5UlxR133TegV_uvP5oc-g_mYhYhQmo','2023-05-15 06:32:38.585908');
INSERT INTO "django_session" VALUES('acsdqbk0eqv83pjx1yn4tsgitclpsl8m','.eJxVjMsOwiAQRf-FtSE8Wgou3fsNZJgZpGogKe3K-O_apAvd3nPOfYkI21ri1nmJM4mzsOL0uyXAB9cd0B3qrUlsdV3mJHdFHrTLayN-Xg7376BAL9_asR4HzQosKhMUoVLZoPaoDU0mu8ESscEMBJhCgDBZk5g9EDo_Mor3B-v1ON8:1ptVZw:42yOFyfKTD6F-uTcYVjLXAI_qsV1-6W3hXQ4tlX49lo','2023-05-15 15:36:40.955892');
INSERT INTO "django_session" VALUES('c3uvwp1s0uecopp0xjaqhcwmu9hu8865','.eJxVjMsOwiAQRf-FtSE8Wgou3fsNZJgZpGogKe3K-O_apAvd3nPOfYkI21ri1nmJM4mzsOL0uyXAB9cd0B3qrUlsdV3mJHdFHrTLayN-Xg7376BAL9_asR4HzQosKhMUoVLZoPaoDU0mu8ESscEMBJhCgDBZk5g9EDo_Mor3B-v1ON8:1pwUNE:FAsVhH3vF1FmCNUNXlrm79R2c_qK-RfpebANm8jIhwo','2023-05-23 20:55:52.966743');
INSERT INTO "django_session" VALUES('ooj066fzedynr9lxql3wbfsn4046n99s','.eJxVjMsOwiAQRf-FtSE8Wgou3fsNZJgZpGogKe3K-O_apAvd3nPOfYkI21ri1nmJM4mzsOL0uyXAB9cd0B3qrUlsdV3mJHdFHrTLayN-Xg7376BAL9_asR4HzQosKhMUoVLZoPaoDU0mu8ESscEMBJhCgDBZk5g9EDo_Mor3B-v1ON8:1pxrI5:I2w-Y4zzABDxZsnb7Ll9yNdGlJ1FSXMZFdZvD8DMAwM','2023-05-27 15:36:13.577298');
INSERT INTO "django_session" VALUES('1b0y199yb2y8hadl0ntug4o5rs96y57n','.eJxVjMsOwiAQRf-FtSE8Wgou3fsNZJgZpGogKe3K-O_apAvd3nPOfYkI21ri1nmJM4mzsOL0uyXAB9cd0B3qrUlsdV3mJHdFHrTLayN-Xg7376BAL9_asR4HzQosKhMUoVLZoPaoDU0mu8ESscEMBJhCgDBZk5g9EDo_Mor3B-v1ON8:1pxrvy:vIu5LhUAv4GMeokBe7aCGBHxPazUEnbd3uvoz-vJl08','2023-05-27 16:17:26.479886');
CREATE UNIQUE INDEX "auth_group_permissions_group_id_permission_id_0cd325b0_uniq" ON "auth_group_permissions" ("group_id", "permission_id");
CREATE INDEX IF NOT EXISTS "auth_group_permissions_group_id_b120cbf9" ON "auth_group_permissions" ("group_id");
CREATE INDEX IF NOT EXISTS "auth_group_permissions_permission_id_84c5c92e" ON "auth_group_permissions" ("permission_id");
CREATE UNIQUE INDEX "auth_user_groups_user_id_group_id_94350c0c_uniq" ON "auth_user_groups" ("user_id", "group_id");
CREATE INDEX IF NOT EXISTS "auth_user_groups_user_id_6a12ed8b" ON "auth_user_groups" ("user_id");
CREATE INDEX IF NOT EXISTS "auth_user_groups_group_id_97559544" ON "auth_user_groups" ("group_id");
CREATE UNIQUE INDEX "auth_user_user_permissions_user_id_permission_id_14a6b632_uniq" ON "auth_user_user_permissions" ("user_id", "permission_id");
CREATE INDEX IF NOT EXISTS "auth_user_user_permissions_user_id_a95ead1b" ON "auth_user_user_permissions" ("user_id");
CREATE INDEX IF NOT EXISTS "auth_user_user_permissions_permission_id_1fbb5f2c" ON "auth_user_user_permissions" ("permission_id");
CREATE INDEX IF NOT EXISTS "django_admin_log_content_type_id_c4bce8eb" ON "django_admin_log" ("content_type_id");
CREATE INDEX IF NOT EXISTS "django_admin_log_user_id_c564eba6" ON "django_admin_log" ("user_id");
CREATE UNIQUE INDEX "django_content_type_app_label_model_76bd3d3b_uniq" ON "django_content_type" ("app_label", "model");
CREATE UNIQUE INDEX "auth_permission_content_type_id_codename_01ab375a_uniq" ON "auth_permission" ("content_type_id", "codename");
CREATE INDEX IF NOT EXISTS "auth_permission_content_type_id_2f476e4b" ON "auth_permission" ("content_type_id");
CREATE INDEX IF NOT EXISTS "django_session_expire_date_a5c62663" ON "django_session" ("expire_date");
CREATE INDEX IF NOT EXISTS "temoignage_video_f_categorie_id_36d02ce3" ON "temoignage_video" ("f_categorie_id");
CREATE INDEX IF NOT EXISTS "temoignage_article_f_categorie_id_bc6ce114" ON "temoignage_article" ("f_categorie_id");
CREATE INDEX IF NOT EXISTS "temoignage_commentaire_f_article_id_47aea005" ON "temoignage_commentaire" ("f_article_id");
CREATE INDEX IF NOT EXISTS "temoignage_commentaire_f_video_id_251acb3d" ON "temoignage_commentaire" ("f_video_id");
CREATE TABLE IF NOT EXISTS "temoignage_abonnee" ("id" integer NOT NULL PRIMARY KEY AUTOINCREMENT, "email" varchar(255) NOT NULL);
CREATE UNIQUE INDEX "auth_group_permissions_group_id_permission_id_0cd325b0_uniq" ON "auth_group_permissions" ("group_id", "permission_id");
CREATE INDEX IF NOT EXISTS "auth_group_permissions_group_id_b120cbf9" ON "auth_group_permissions" ("group_id");
CREATE INDEX IF NOT EXISTS "auth_group_permissions_permission_id_84c5c92e" ON "auth_group_permissions" ("permission_id");
CREATE UNIQUE INDEX "auth_user_groups_user_id_group_id_94350c0c_uniq" ON "auth_user_groups" ("user_id", "group_id");
CREATE INDEX IF NOT EXISTS "auth_user_groups_user_id_6a12ed8b" ON "auth_user_groups" ("user_id");
CREATE INDEX IF NOT EXISTS "auth_user_groups_group_id_97559544" ON "auth_user_groups" ("group_id");
CREATE UNIQUE INDEX "auth_user_user_permissions_user_id_permission_id_14a6b632_uniq" ON "auth_user_user_permissions" ("user_id", "permission_id");
CREATE INDEX IF NOT EXISTS "auth_user_user_permissions_user_id_a95ead1b" ON "auth_user_user_permissions" ("user_id");
CREATE INDEX IF NOT EXISTS "auth_user_user_permissions_permission_id_1fbb5f2c" ON "auth_user_user_permissions" ("permission_id");
CREATE INDEX IF NOT EXISTS "django_admin_log_content_type_id_c4bce8eb" ON "django_admin_log" ("content_type_id");
CREATE INDEX IF NOT EXISTS "django_admin_log_user_id_c564eba6" ON "django_admin_log" ("user_id");
CREATE UNIQUE INDEX "django_content_type_app_label_model_76bd3d3b_uniq" ON "django_content_type" ("app_label", "model");
CREATE UNIQUE INDEX "auth_permission_content_type_id_codename_01ab375a_uniq" ON "auth_permission" ("content_type_id", "codename");
CREATE INDEX IF NOT EXISTS "auth_permission_content_type_id_2f476e4b" ON "auth_permission" ("content_type_id");
CREATE INDEX IF NOT EXISTS "django_session_expire_date_a5c62663" ON "django_session" ("expire_date");
CREATE INDEX IF NOT EXISTS "temoignage_video_f_categorie_id_36d02ce3" ON "temoignage_video" ("f_categorie_id");
CREATE INDEX IF NOT EXISTS "temoignage_article_f_categorie_id_bc6ce114" ON "temoignage_article" ("f_categorie_id");
CREATE INDEX IF NOT EXISTS "temoignage_commentaire_f_article_id_47aea005" ON "temoignage_commentaire" ("f_article_id");
CREATE INDEX IF NOT EXISTS "temoignage_commentaire_f_video_id_251acb3d" ON "temoignage_commentaire" ("f_video_id");
CREATE TABLE IF NOT EXISTS "temoignage_article" ("id" integer NOT NULL PRIMARY KEY AUTOINCREMENT, "titre" varchar(255) NOT NULL, "nomAuteur" varchar(255) NOT NULL, "article" text NOT NULL, "date" date NOT NULL, "f_categorie_id" bigint NOT NULL REFERENCES "temoignage_categorie" ("id") DEFERRABLE INITIALLY DEFERRED, "image" varchar(100) NOT NULL);
INSERT INTO "temoignage_article" VALUES(1,'Loream','Ipsum','<p><u><em><strong>Lorem ipsum dolor sit amet</strong></em></u>, consectetur adipiscing elit, sed do eiusmod tempor incididunt ut labore et dolore magna aliqua. Ut enim ad minim veniam, quis nostrud exercitation ullamco laboris nisi ut aliquip ex ea commodo consequat. Duis aute irure dolor in reprehenderit in voluptate velit esse cillum dolore eu fugiat nulla pariatur. Excepteur sint occaecat cupidatat non proident, sunt in culpa qui officia deserunt mollit anim id est laborum.</p>','2023-04-27',2,'images/Art3.png');
INSERT INTO "temoignage_article" VALUES(2,'Remlo','Michael','<p>Lorem ipsum dolor sit amet, consectetur adipiscing elit, sed do eiusmod tempor incididunt ut labore et dolore magna aliqua. Ut enim ad minim veniam, quis nostrud exercitation ullamco laboris nisi ut aliquip ex ea commodo consequat. Duis aute irure dolor in reprehenderit in voluptate velit esse cillum dolore eu fugiat nulla pariatur. Excepteur sint occaecat cupidatat non proident, sunt in culpa qui officia deserunt <u><s>mollit anim id est laborum.</s></u></p>','2023-04-27',1,'images/Art2.png');
INSERT INTO "temoignage_article" VALUES(3,'Jesus','Lola','<p><em>Lorem ipsum dolor sit amet, consectetur adipiscing elit, sed do eiusmod tempor incididunt ut labore et dolore magna aliqua. Ut enim ad minim veniam,</em>&nbsp;</p>','2023-04-27',5,'images/art1.png');
CREATE UNIQUE INDEX "auth_group_permissions_group_id_permission_id_0cd325b0_uniq" ON "auth_group_permissions" ("group_id", "permission_id");
CREATE INDEX IF NOT EXISTS "auth_group_permissions_group_id_b120cbf9" ON "auth_group_permissions" ("group_id");
CREATE INDEX IF NOT EXISTS "auth_group_permissions_permission_id_84c5c92e" ON "auth_group_permissions" ("permission_id");
CREATE UNIQUE INDEX "auth_user_groups_user_id_group_id_94350c0c_uniq" ON "auth_user_groups" ("user_id", "group_id");
CREATE INDEX IF NOT EXISTS "auth_user_groups_user_id_6a12ed8b" ON "auth_user_groups" ("user_id");
CREATE INDEX IF NOT EXISTS "auth_user_groups_group_id_97559544" ON "auth_user_groups" ("group_id");
CREATE UNIQUE INDEX "auth_user_user_permissions_user_id_permission_id_14a6b632_uniq" ON "auth_user_user_permissions" ("user_id", "permission_id");
CREATE INDEX IF NOT EXISTS "auth_user_user_permissions_user_id_a95ead1b" ON "auth_user_user_permissions" ("user_id");
CREATE INDEX IF NOT EXISTS "auth_user_user_permissions_permission_id_1fbb5f2c" ON "auth_user_user_permissions" ("permission_id");
CREATE INDEX IF NOT EXISTS "django_admin_log_content_type_id_c4bce8eb" ON "django_admin_log" ("content_type_id");
CREATE INDEX IF NOT EXISTS "django_admin_log_user_id_c564eba6" ON "django_admin_log" ("user_id");
CREATE UNIQUE INDEX "django_content_type_app_label_model_76bd3d3b_uniq" ON "django_content_type" ("app_label", "model");
CREATE UNIQUE INDEX "auth_permission_content_type_id_codename_01ab375a_uniq" ON "auth_permission" ("content_type_id", "codename");
CREATE INDEX IF NOT EXISTS "auth_permission_content_type_id_2f476e4b" ON "auth_permission" ("content_type_id");
CREATE INDEX IF NOT EXISTS "django_session_expire_date_a5c62663" ON "django_session" ("expire_date");
CREATE INDEX IF NOT EXISTS "temoignage_video_f_categorie_id_36d02ce3" ON "temoignage_video" ("f_categorie_id");
CREATE INDEX IF NOT EXISTS "temoignage_article_f_categorie_id_bc6ce114" ON "temoignage_article" ("f_categorie_id");
CREATE INDEX IF NOT EXISTS "temoignage_commentaire_f_article_id_47aea005" ON "temoignage_commentaire" ("f_article_id");
CREATE INDEX IF NOT EXISTS "temoignage_commentaire_f_video_id_251acb3d" ON "temoignage_commentaire" ("f_video_id");
CREATE TABLE IF NOT EXISTS "temoignage_categorie" ("id" integer NOT NULL PRIMARY KEY AUTOINCREMENT, "cat_name" varchar(255) NOT NULL);
INSERT INTO "temoignage_categorie" VALUES(1,'Amour');
INSERT INTO "temoignage_categorie" VALUES(2,'Délivrance');
INSERT INTO "temoignage_categorie" VALUES(3,'Victoire');
INSERT INTO "temoignage_categorie" VALUES(4,'Libération');
INSERT INTO "temoignage_categorie" VALUES(5,'Paix');
INSERT INTO "temoignage_categorie" VALUES(6,'Guérison');
INSERT INTO "temoignage_categorie" VALUES(7,'Provision');
INSERT INTO "temoignage_categorie" VALUES(8,'Supplication');
INSERT INTO "temoignage_categorie" VALUES(9,'Prière');
CREATE UNIQUE INDEX "auth_group_permissions_group_id_permission_id_0cd325b0_uniq" ON "auth_group_permissions" ("group_id", "permission_id");
CREATE INDEX IF NOT EXISTS "auth_group_permissions_group_id_b120cbf9" ON "auth_group_permissions" ("group_id");
CREATE INDEX IF NOT EXISTS "auth_group_permissions_permission_id_84c5c92e" ON "auth_group_permissions" ("permission_id");
CREATE UNIQUE INDEX "auth_user_groups_user_id_group_id_94350c0c_uniq" ON "auth_user_groups" ("user_id", "group_id");
CREATE INDEX IF NOT EXISTS "auth_user_groups_user_id_6a12ed8b" ON "auth_user_groups" ("user_id");
CREATE INDEX IF NOT EXISTS "auth_user_groups_group_id_97559544" ON "auth_user_groups" ("group_id");
CREATE UNIQUE INDEX "auth_user_user_permissions_user_id_permission_id_14a6b632_uniq" ON "auth_user_user_permissions" ("user_id", "permission_id");
CREATE INDEX IF NOT EXISTS "auth_user_user_permissions_user_id_a95ead1b" ON "auth_user_user_permissions" ("user_id");
CREATE INDEX IF NOT EXISTS "auth_user_user_permissions_permission_id_1fbb5f2c" ON "auth_user_user_permissions" ("permission_id");
CREATE INDEX IF NOT EXISTS "django_admin_log_content_type_id_c4bce8eb" ON "django_admin_log" ("content_type_id");
CREATE INDEX IF NOT EXISTS "django_admin_log_user_id_c564eba6" ON "django_admin_log" ("user_id");
CREATE UNIQUE INDEX "django_content_type_app_label_model_76bd3d3b_uniq" ON "django_content_type" ("app_label", "model");
CREATE UNIQUE INDEX "auth_permission_content_type_id_codename_01ab375a_uniq" ON "auth_permission" ("content_type_id", "codename");
CREATE INDEX IF NOT EXISTS "auth_permission_content_type_id_2f476e4b" ON "auth_permission" ("content_type_id");
CREATE INDEX IF NOT EXISTS "django_session_expire_date_a5c62663" ON "django_session" ("expire_date");
CREATE INDEX IF NOT EXISTS "temoignage_video_f_categorie_id_36d02ce3" ON "temoignage_video" ("f_categorie_id");
CREATE INDEX IF NOT EXISTS "temoignage_article_f_categorie_id_bc6ce114" ON "temoignage_article" ("f_categorie_id");
CREATE INDEX IF NOT EXISTS "temoignage_commentaire_f_article_id_47aea005" ON "temoignage_commentaire" ("f_article_id");
CREATE INDEX IF NOT EXISTS "temoignage_commentaire_f_video_id_251acb3d" ON "temoignage_commentaire" ("f_video_id");
CREATE TABLE IF NOT EXISTS "temoignage_commentaire" ("id" integer NOT NULL PRIMARY KEY AUTOINCREMENT, "commentaire" text NOT NULL, "date" date NOT NULL, "f_article_id" bigint NOT NULL REFERENCES "temoignage_article" ("id") DEFERRABLE INITIALLY DEFERRED, "nom" varchar(255) NOT NULL, "f_video_id" bigint NULL REFERENCES "temoignage_video" ("id") DEFERRABLE INITIALLY DEFERRED);
INSERT INTO "temoignage_commentaire" VALUES(23,'Jesus est roi','2023-05-13',2,'Michael Nyembo',NULL);
INSERT INTO "temoignage_commentaire" VALUES(24,'Jesus est roiiiii yelele','2023-05-13',2,'Marc',NULL);
CREATE UNIQUE INDEX "auth_group_permissions_group_id_permission_id_0cd325b0_uniq" ON "auth_group_permissions" ("group_id", "permission_id");
CREATE INDEX IF NOT EXISTS "auth_group_permissions_group_id_b120cbf9" ON "auth_group_permissions" ("group_id");
CREATE INDEX IF NOT EXISTS "auth_group_permissions_permission_id_84c5c92e" ON "auth_group_permissions" ("permission_id");
CREATE UNIQUE INDEX "auth_user_groups_user_id_group_id_94350c0c_uniq" ON "auth_user_groups" ("user_id", "group_id");
CREATE INDEX IF NOT EXISTS "auth_user_groups_user_id_6a12ed8b" ON "auth_user_groups" ("user_id");
CREATE INDEX IF NOT EXISTS "auth_user_groups_group_id_97559544" ON "auth_user_groups" ("group_id");
CREATE UNIQUE INDEX "auth_user_user_permissions_user_id_permission_id_14a6b632_uniq" ON "auth_user_user_permissions" ("user_id", "permission_id");
CREATE INDEX IF NOT EXISTS "auth_user_user_permissions_user_id_a95ead1b" ON "auth_user_user_permissions" ("user_id");
CREATE INDEX IF NOT EXISTS "auth_user_user_permissions_permission_id_1fbb5f2c" ON "auth_user_user_permissions" ("permission_id");
CREATE INDEX IF NOT EXISTS "django_admin_log_content_type_id_c4bce8eb" ON "django_admin_log" ("content_type_id");
CREATE INDEX IF NOT EXISTS "django_admin_log_user_id_c564eba6" ON "django_admin_log" ("user_id");
CREATE UNIQUE INDEX "django_content_type_app_label_model_76bd3d3b_uniq" ON "django_content_type" ("app_label", "model");
CREATE UNIQUE INDEX "auth_permission_content_type_id_codename_01ab375a_uniq" ON "auth_permission" ("content_type_id", "codename");
CREATE INDEX IF NOT EXISTS "auth_permission_content_type_id_2f476e4b" ON "auth_permission" ("content_type_id");
CREATE INDEX IF NOT EXISTS "django_session_expire_date_a5c62663" ON "django_session" ("expire_date");
CREATE INDEX IF NOT EXISTS "temoignage_video_f_categorie_id_36d02ce3" ON "temoignage_video" ("f_categorie_id");
CREATE INDEX IF NOT EXISTS "temoignage_article_f_categorie_id_bc6ce114" ON "temoignage_article" ("f_categorie_id");
CREATE INDEX IF NOT EXISTS "temoignage_commentaire_f_article_id_47aea005" ON "temoignage_commentaire" ("f_article_id");
CREATE INDEX IF NOT EXISTS "temoignage_commentaire_f_video_id_251acb3d" ON "temoignage_commentaire" ("f_video_id");
CREATE TABLE IF NOT EXISTS "temoignage_video" ("id" integer NOT NULL PRIMARY KEY AUTOINCREMENT, "titre" varchar(255) NOT NULL, "nomAuteur" varchar(255) NOT NULL, "date" date NOT NULL, "video" varchar(100) NULL, "image" varchar(100) NULL, "f_categorie_id" bigint NOT NULL REFERENCES "temoignage_categorie" ("id") DEFERRABLE INITIALLY DEFERRED);
INSERT INTO "temoignage_video" VALUES(1,'Comment Jésus a change ma vie','Sara','2023-05-09','videos/Comment_Jésus_a_changé_ma_vie_anorexie_dépression_-_TÉMOIGNAGE_DE_SARA_635RZPA.mp4','images/vide01_DmAJct8.png',2);
INSERT INTO "temoignage_video" VALUES(2,'Musulman, j''ai rencontré Jesus','Dilanw','2023-05-10','videos/Musulman_jai_rencontré_Jesus_-_TEMOIGNAGE_-_HLPRD.mp4','images/vid2.png',2);
INSERT INTO "temoignage_video" VALUES(3,'Je me moquais des chrétiens et Dieu m''a rendue chrétienne','Rita','2023-05-10','videos/Je_me_moquais_des_chrétiens_et_Dieu_ma_rendue_chrétienne_-_TÉMOIGNAGE.mp4','images/vid3.png',1);
INSERT INTO "temoignage_video" VALUES(4,'Reniée par ma famille et sans abris','Elizee','2023-05-10','videos/Reniée_par_ma_famille_et_sans_abris__-_Témoignage_-_HLPRD.mp4','images/vid4.png',5);
INSERT INTO "temoignage_video" VALUES(5,'De ATHÉE à PASTEUR - JESUS m''a SAUVÉ','GKB','2023-05-11','videos/De_ATHÉE_à_PASTEUR_-_JESUS_ma_SAUVÉ_-_TÉMOIGNAGE_-_Story_Time.mp4','images/vid8.png',2);
INSERT INTO "temoignage_video" VALUES(6,'TOUCHER LE CŒUR DE DIEU','Cedric','2023-05-11','videos/Ep._3-_TOUCHER_LE_CŒUR_DE_DIEU_Cédric.mp4','images/vid5.png',5);
INSERT INTO "temoignage_video" VALUES(7,'DIEU A POURVU POUR MON VISA','Yann','2023-05-11','videos/Ep._1___DIEU_A_POURVU_POUR_MON_VISA_Yann.mp4','images/vid6.png',7);
INSERT INTO "temoignage_video" VALUES(8,'DIEU M''A GUÉRIE ET LIBÉRÉE','Marie','2023-05-11','videos/Ep._2_-_DIEU_MA_GUÉRIE_ET_LIBÉRÉE_Marie.mp4','images/vid7.png',4);
CREATE UNIQUE INDEX "auth_group_permissions_group_id_permission_id_0cd325b0_uniq" ON "auth_group_permissions" ("group_id", "permission_id");
CREATE INDEX IF NOT EXISTS "auth_group_permissions_group_id_b120cbf9" ON "auth_group_permissions" ("group_id");
CREATE INDEX IF NOT EXISTS "auth_group_permissions_permission_id_84c5c92e" ON "auth_group_permissions" ("permission_id");
CREATE UNIQUE INDEX "auth_user_groups_user_id_group_id_94350c0c_uniq" ON "auth_user_groups" ("user_id", "group_id");
CREATE INDEX IF NOT EXISTS "auth_user_groups_user_id_6a12ed8b" ON "auth_user_groups" ("user_id");
CREATE INDEX IF NOT EXISTS "auth_user_groups_group_id_97559544" ON "auth_user_groups" ("group_id");
CREATE UNIQUE INDEX "auth_user_user_permissions_user_id_permission_id_14a6b632_uniq" ON "auth_user_user_permissions" ("user_id", "permission_id");
CREATE INDEX IF NOT EXISTS "auth_user_user_permissions_user_id_a95ead1b" ON "auth_user_user_permissions" ("user_id");
CREATE INDEX IF NOT EXISTS "auth_user_user_permissions_permission_id_1fbb5f2c" ON "auth_user_user_permissions" ("permission_id");
CREATE INDEX IF NOT EXISTS "django_admin_log_content_type_id_c4bce8eb" ON "django_admin_log" ("content_type_id");
CREATE INDEX IF NOT EXISTS "django_admin_log_user_id_c564eba6" ON "django_admin_log" ("user_id");
CREATE UNIQUE INDEX "django_content_type_app_label_model_76bd3d3b_uniq" ON "django_content_type" ("app_label", "model");
CREATE UNIQUE INDEX "auth_permission_content_type_id_codename_01ab375a_uniq" ON "auth_permission" ("content_type_id", "codename");
CREATE INDEX IF NOT EXISTS "auth_permission_content_type_id_2f476e4b" ON "auth_permission" ("content_type_id");
CREATE INDEX IF NOT EXISTS "django_session_expire_date_a5c62663" ON "django_session" ("expire_date");
CREATE INDEX IF NOT EXISTS "temoignage_video_f_categorie_id_36d02ce3" ON "temoignage_video" ("f_categorie_id");
CREATE INDEX IF NOT EXISTS "temoignage_article_f_categorie_id_bc6ce114" ON "temoignage_article" ("f_categorie_id");
CREATE INDEX IF NOT EXISTS "temoignage_commentaire_f_article_id_47aea005" ON "temoignage_commentaire" ("f_article_id");
CREATE INDEX IF NOT EXISTS "temoignage_commentaire_f_video_id_251acb3d" ON "temoignage_commentaire" ("f_video_id");
